Model,Direction Accuracy,Success Rate,Precision Success Rate
llava-1.5-7b-hf,0.39574283231972196,0.0,0.0
llava-1.5-7b-hf-ft,0.6585577758470895,0.34629629629629627,0.2222222222222222
llava-1.5-13b-hf,0.33970460469157254,0.0,0.0
llava-1.5-13b-hf-ft,0.6046915725456126,0.3074074074074074,0.1925925925925926
gpt,0.5825369244135534,0.005555555555555556,0.0
